{
  "provinceId": 1,
  "provinceName": "Thủ đô Hà Nội",
  "mahc": 1,
  "wards": [
    {
      "id": 2,
      "code": "0002",
      "name": "An Khánh",
      "type": "xã",
      "area": 28.69,
      "population": 102136,
      "adminCenter": "Thôn Lũng Vân, xã An Khánh",
      "longitude": 105.708,
      "latitude": 20.9878,
      "beforeMerger": "Xã Đông La, Phường Dương Nội (phần còn lại sau khi sáp nhập vào phường Tây Mỗ, phường Đại Mỗ, phường Dương Nội), Xã An Khánh (phần còn lại sau khi sáp nhập vào phường Tây Mỗ, xã Sơn Đồng), Xã La Phù (phần còn lại sau khi sáp nhập vào phường Dương Nội), Xã Song Phương (phần còn lại sau khi sáp nhập vào xã Sơn Đồng), Xã Vân Côn (phần còn lại sau khi sáp nhập vào xã Sơn Đồng), Xã An Thượng (phần còn lại sau khi sáp nhập vào xã Sơn Đồng)",
      "wardCode": 3301
    },
    {
      "id": 3,
      "code": "0003",
      "name": "Ba Đình",
      "type": "phường",
      "area": 2.97,
      "population": 65023,
      "adminCenter": "Số 2, phố Trúc Bạch, phường Ba Đình",
      "longitude": 105.838,
      "latitude": 21.0385,
      "beforeMerger": "Phường Quán Thánh, Phường Trúc Bạch, Phường Cửa Nam, Phường Điện Biên, Phường Đội Cấn, Phường Kim Mã, Phường Ngọc Hà, Phường Thụy Khuê, Phường Cửa Đông (phần còn lại sau khi sáp nhập vào phường Hoàn Kiếm), Phường Đồng Xuân (phần còn lại sau khi sáp nhập vào phường Hoàn Kiếm)",
      "wardCode": 3276
    },
    {
      "id": 4,
      "code": "0004",
      "name": "Ba Vì",
      "type": "xã",
      "area": 81.27,
      "population": 26651,
      "adminCenter": "Thôn Lặt, xã Ba Vì",
      "longitude": 105.342,
      "latitude": 21.0581,
      "beforeMerger": "Xã Ba Vì, Xã Khánh Thượng, Xã Minh Quang (phần còn lại sau khi sáp nhập vào xã Bất Bạt)",
      "wardCode": 3219
    },
    {
      "id": 5,
      "code": "0005",
      "name": "Bạch Mai",
      "type": "phường",
      "area": 2.95,
      "population": 129571,
      "adminCenter": "Số 33 Đại Cồ Việt, phường Bạch Mai",
      "longitude": 105.852,
      "latitude": 21.0022,
      "beforeMerger": "Phường Bạch Mai, Phường Bách Khoa, Phường Quỳnh Mai, Phường Minh Khai (quận Hai Bà Trưng), Phường Đồng Tâm, Phường Lê Đại Hành, Phường Phương Mai, Phường Trương Định, Phường Thanh Nhàn (phần còn lại sau khi sáp nhập vào phường Hai Bà Trưng)",
      "wardCode": 3266
    },
    {
      "id": 6,
      "code": "0006",
      "name": "Bất Bạt",
      "type": "xã",
      "area": 56.43,
      "population": 40066,
      "adminCenter": "Thôn Đan Thê, xã Bất Bạt",
      "longitude": 105.332,
      "latitude": 21.1674,
      "beforeMerger": "Xã Thuần Mỹ, Xã Tòng Bạt, Xã Sơn Đà, Xã Cẩm Lĩnh, Xã Minh Quang",
      "wardCode": 3236
    },
    {
      "id": 7,
      "code": "0007",
      "name": "Bát Tràng",
      "type": "xã",
      "area": 20.67,
      "population": 48987,
      "adminCenter": "Thôn Đào Xuyên, xã Bát Tràng",
      "longitude": 105.929,
      "latitude": 20.9867,
      "beforeMerger": "Xã Kim Đức, Phường Cự Khối (phần còn lại sau khi sáp nhập vào phường Long Biên), Phường Thạch Bàn (phần còn lại sau khi sáp nhập vào phường Long Biên, phường Phúc Lợi, xã Gia Lâm), Thị trấn Trâu Quỳ (phần còn lại sau khi sáp nhập vào xã Gia Lâm), Xã Đa Tốn (phần còn lại sau khi sáp nhập vào xã Gia Lâm), Xã Bát Tràng (phần còn lại sau khi sáp nhập vào phường Long Biên, xã Gia Lâm)",
      "wardCode": 3248
    },
    {
      "id": 8,
      "code": "0008",
      "name": "Bình Minh",
      "type": "xã",
      "area": 29.86,
      "population": 80066,
      "adminCenter": "Số 01 đường Bích Hòa - Cao Viên, thôn Mùi, xã Bình Minh",
      "longitude": 105.762,
      "latitude": 20.9042,
      "beforeMerger": "Xã Bích Hòa, Xã Bình Minh, Xã Cao Viên, Xã Thanh Cao, Xã Lam Điền, Xã Cự Khê (phần còn lại sau khi sáp nhập vào phường Phú Lương), Phường Phú Lương (phần còn lại sau khi sáp nhập vào phường Phú Lương, phường Kiến Hưng)",
      "wardCode": 3184
    },
    {
      "id": 9,
      "code": "0009",
      "name": "Bồ Đề",
      "type": "phường",
      "area": 12.94,
      "population": 120028,
      "adminCenter": "Số 270, đường Ngọc Thuỵ, phường Bồ Đề",
      "longitude": 105.871,
      "latitude": 21.0514,
      "beforeMerger": "Phường Ngọc Lâm, Phường Đức Giang, Phường Gia Thụy, Phường Thượng Thanh, Phường Phúc Đồng, Phường Ngọc Thụy (phần còn lại sau khi sáp nhập vào phường Hồng Hà), Phường Bồ Đề (phần còn lại sau khi sáp nhập vào phường Hồng Hà, phường Long Biên), Phường Long Biên (phần còn lại sau khi sáp nhập vào phường Long Biên)",
      "wardCode": 3230
    },
    {
      "id": 10,
      "code": "0010",
      "name": "Cầu Giấy",
      "type": "phường",
      "area": 3.74,
      "population": 74516,
      "adminCenter": "Số 96 Trần Thái Tông, phường Cầu Giấy",
      "longitude": 105.788,
      "latitude": 21.0309,
      "beforeMerger": "Phường Dịch Vọng, Phường Dịch Vọng Hậu, Phường Quan Hoa, Phường Mỹ Đình 1, Phường Mỹ Đình 2, Phường Yên Hòa",
      "wardCode": 3277
    },
    {
      "id": 11,
      "code": "0011",
      "name": "Chương Dương",
      "type": "xã",
      "area": 28.89,
      "population": 59973,
      "adminCenter": "Thôn Kỳ Dương, xã Chương Dương",
      "longitude": 105.901,
      "latitude": 20.8354,
      "beforeMerger": "Xã Chương Dương, Xã Lê Lợi, Xã Thắng Lợi, Xã Tự Nhiên, Xã Tô Hiệu, Xã Vạn Nhất",
      "wardCode": 3187
    },
    {
      "id": 12,
      "code": "0012",
      "name": "Chương Mỹ",
      "type": "phường",
      "area": 38.9,
      "population": 87913,
      "adminCenter": "Số 102, tổ dân phố Bắc Sơn, phường Chương Mỹ",
      "longitude": 105.699,
      "latitude": 20.9249,
      "beforeMerger": "Phường Biên Giang, Thị trấn Chúc Sơn, Xã Đại Yên, Xã Ngọc Hòa, Xã Phụng Châu, Xã Tiên Phương, Xã Thuỵ Hương, Phường Đồng Mai (phần còn lại sau khi sáp nhập vào phường Yên Nghĩa)",
      "wardCode": 3204
    },
    {
      "id": 13,
      "code": "0013",
      "name": "Chuyên Mỹ",
      "type": "xã",
      "area": 35.54,
      "population": 44859,
      "adminCenter": "Thôn Chính Vân, xã Chuyên Mỹ",
      "longitude": 105.884,
      "latitude": 20.7163,
      "beforeMerger": "Xã Tân Dân (huyện Phú Xuyên), Xã Châu Can, Xã Phú Yên, Xã Vân Từ, Xã Chuyên Mỹ",
      "wardCode": 3179
    },
    {
      "id": 14,
      "code": "0014",
      "name": "Cổ Đô",
      "type": "xã",
      "area": 53.25,
      "population": 70706,
      "adminCenter": "Thôn Mai Trai, xã Cổ Đô",
      "longitude": 105.397,
      "latitude": 21.2688,
      "beforeMerger": "Xã Phú Cường (huyện Ba Vì), Xã Cổ Đô, Xã Phong Vân, Xã Phú Hồng, Xã Phú Đông, Xã Vạn Thắng",
      "wardCode": 3239
    },
    {
      "id": 15,
      "code": "0015",
      "name": "Cửa Nam",
      "type": "phường",
      "area": 1.68,
      "population": 52751,
      "adminCenter": "Số 29 Quang Trung, phường Cửa Nam",
      "longitude": 105.851,
      "latitude": 21.0226,
      "beforeMerger": "Phường Hàng Bài, Phường Phan Chu Trinh, Phường Trần Hưng Đạo, Phường Cửa Nam, Phường Nguyễn Du, Phường Phạm Đình Hổ, Phường Hàng Bông (phần còn lại sau khi sáp nhập vào phường Hoàn Kiếm), Phường Hàng Trống (phần còn lại sau khi sáp nhập vào phường Hoàn Kiếm), Phường Tràng Tiền (phần còn lại sau khi sáp nhập vào phường Hoàn Kiếm)",
      "wardCode": 3259
    },
    {
      "id": 16,
      "code": "0016",
      "name": "Đa Phúc",
      "type": "xã",
      "area": 55.32,
      "population": 83649,
      "adminCenter": "Thôn Đức Hậu, xã Đa Phúc",
      "longitude": 105.901,
      "latitude": 21.2505,
      "beforeMerger": "Xã Bắc Phú, Xã Đức Hoà, Xã Kim Lũ, Xã Tân Hưng, Xã Việt Long, Xã Xuân Giang, Xã Xuân Thu",
      "wardCode": 3264
    },
    {
      "id": 17,
      "code": "0017",
      "name": "Đại Mỗ",
      "type": "phường",
      "area": 8.1,
      "population": 80462,
      "adminCenter": "Số 76 đường Trung Văn, phường Đại Mỗ",
      "longitude": 105.775,
      "latitude": 20.9936,
      "beforeMerger": "Phường Đại Mỗ, Phường Dương Nội, Phường Mộ Lao, Phường Mễ Trì (phần còn lại sau khi sáp nhập vào phường Yên Hòa, phường Từ Liêm), Phường Nhân Chính (phần còn lại sau khi sáp nhập vào phường Thanh Xuân, phường Yên Hòa), Phường Trung Hòa (phần còn lại sau khi sáp nhập vào phường Thanh Xuân, phường Yên Hòa), Phường Phú Đô (phần còn lại sau khi sáp nhập vào phường Từ Liêm), Phường Trung Văn (phần còn lại sau khi sáp nhập vào phường Thanh Xuân)",
      "wardCode": 3287
    },
    {
      "id": 18,
      "code": "0018",
      "name": "Đại Thanh",
      "type": "xã",
      "area": 18.92,
      "population": 92557,
      "adminCenter": "Thôn Quỳnh Đô, xã Đại Thanh",
      "longitude": 105.814,
      "latitude": 20.9371,
      "beforeMerger": "Xã Tam Hiệp (huyện Thanh Trì) (phần còn lại sau khi sáp nhập vào phường Hoàng Liệt), Xã Hữu Hòa (phần còn lại sau khi sáp nhập vào phường Phú Lương), Phường Kiến Hưng (phần còn lại sau khi sáp nhập vào phường Phú Lương, phường Kiến Hưng), Thị trấn Văn Điển (phần còn lại sau khi sáp nhập vào phường Hoàng Liệt, xã Thanh Trì), Xã Tả Thanh Oai (phần còn lại sau khi sáp nhập vào phường Thanh Liệt), Xã Vĩnh Quỳnh (phần còn lại sau khi sáp nhập vào xã Thanh Trì)",
      "wardCode": 3212
    },
    {
      "id": 19,
      "code": "0019",
      "name": "Đại Xuyên",
      "type": "xã",
      "area": 51.66,
      "population": 74906,
      "adminCenter": "Thôn Hòa Thượng, xã Đại Xuyên",
      "longitude": 105.949,
      "latitude": 20.7007,
      "beforeMerger": "Xã Bạch Hạ, Xã Khai Thái, Xã Minh Tân, Xã Phúc Tiến, Xã Quang Lãng, Xã Tri Thủy, Xã Đại Xuyên",
      "wardCode": 3304
    },
    {
      "id": 20,
      "code": "0020",
      "name": "Dân Hòa",
      "type": "xã",
      "area": 38.43,
      "population": 62755,
      "adminCenter": "Số 45 khu trung tâm thôn Tảo Dương, xã Dân Hòa",
      "longitude": 105.792,
      "latitude": 20.8096,
      "beforeMerger": "Xã Cao Xuân Dương, Xã Hồng Dương, Xã Liên Châu, Xã Tân Ước, Xã Dân Hòa",
      "wardCode": 3181
    },
    {
      "id": 21,
      "code": "0021",
      "name": "Đan Phượng",
      "type": "xã",
      "area": 15.3,
      "population": 47629,
      "adminCenter": "Số 105, phố Tây Sơn, xã Đan Phượng",
      "longitude": 105.666,
      "latitude": 21.0912,
      "beforeMerger": "Thị trấn Phùng, Xã Đồng Tháp, Xã Song Phượng, Xã Thượng Mỗ, Xã Đan Phượng",
      "wardCode": 3290
    },
    {
      "id": 22,
      "code": "0022",
      "name": "Định Công",
      "type": "phường",
      "area": 5.34,
      "population": 85502,
      "adminCenter": "Số 1 ngõ 282 đường Kim Giang, phường Định Công",
      "longitude": 105.825,
      "latitude": 20.9769,
      "beforeMerger": "Phường Định Công, Phường Hoàng Liệt, Phường Thịnh Liệt, Xã Tân Triều, Xã Thanh Liệt, Phường Đại Kim, Phường Giáp Bát (phần còn lại sau khi sáp nhập vào phường Hoàng Mai, phường Tương Mai)",
      "wardCode": 3235
    },
    {
      "id": 23,
      "code": "0023",
      "name": "Đoài Phương",
      "type": "xã",
      "area": 57.1,
      "population": 39828,
      "adminCenter": "Thôn Phúc Lộc, xã Đoài Phương",
      "longitude": 105.486,
      "latitude": 21.0687,
      "beforeMerger": "Xã Kim Sơn, Xã Sơn Đông, Xã Cổ Đông",
      "wardCode": 3217
    },
    {
      "id": 24,
      "code": "0024",
      "name": "Đông Anh",
      "type": "xã",
      "area": 48.68,
      "population": 118183,
      "adminCenter": "Số 66, đường Cao Lỗ, xã Đông Anh",
      "longitude": 105.872,
      "latitude": 21.1101,
      "beforeMerger": "Xã Cổ Loa, Xã Đông Hội, Xã Mai Lâm, Thị trấn Đông Anh, Xã Tàm Xá, Xã Tiên Dương, Xã Vĩnh Ngọc, Xã Xuân Canh, Xã Liên Hà (huyện Đông Anh) (phần còn lại sau khi sáp nhập vào xã Thư Lâm), Xã Dục Tú (phần còn lại sau khi sáp nhập vào xã Thư Lâm), Xã Uy Nỗ (phần còn lại sau khi sáp nhập vào xã Thư Lâm), Xã Việt Hùng (phần còn lại sau khi sáp nhập vào xã Thư Lâm)",
      "wardCode": 3252
    },
    {
      "id": 25,
      "code": "0025",
      "name": "Đống Đa",
      "type": "phường",
      "area": 2.07,
      "population": 81358,
      "adminCenter": "Số 59 phố Hoàng Cầu, phường Đống Đa",
      "longitude": 105.822,
      "latitude": 21.0119,
      "beforeMerger": "Phường Thịnh Quang, Phường Quang Trung (quận Đống Đa), Phường Láng Hạ, Phường Nam Đồng, Phường Ô Chợ Dừa, Phường Trung Liệt",
      "wardCode": 3185
    },
    {
      "id": 26,
      "code": "0026",
      "name": "Đông Ngạc",
      "type": "phường",
      "area": 8.85,
      "population": 83544,
      "adminCenter": "Phố Văn Hội, tổ dân phố số 2 phường Đông Ngạc",
      "longitude": 105.776,
      "latitude": 21.0751,
      "beforeMerger": "Phường Đức Thắng, Phường Cổ Nhuế 2, Phường Thụy Phương, Phường Minh Khai (quận Bắc Từ Liêm), Phường Đông Ngạc (phần còn lại sau khi sáp nhập vào phường Phú Thượng), Phường Xuân Đỉnh (phần còn lại sau khi sáp nhập vào phường Phú Thượng, phường Xuân Đỉnh)",
      "wardCode": 3296
    },
    {
      "id": 27,
      "code": "0027",
      "name": "Dương Hòa",
      "type": "xã",
      "area": 17.41,
      "population": 58830,
      "adminCenter": "Thôn 5, xã Dương Hòa",
      "longitude": 105.673,
      "latitude": 21.0489,
      "beforeMerger": "Xã Cát Quế, Xã Dương Liễu, Xã Đắc Sở, Xã Minh Khai, Xã Yên Sở",
      "wardCode": 3244
    },
    {
      "id": 28,
      "code": "0028",
      "name": "Dương Nội",
      "type": "phường",
      "area": 7.9,
      "population": 56091,
      "adminCenter": "Lô HC01 - khu A khu đô thị mới Dương Nội, phường Dương Nội",
      "longitude": 105.749,
      "latitude": 20.9752,
      "beforeMerger": "Phường Dương Nội, Phường Phú La, Phường Yên Nghĩa, Xã La Phù, Phường Đại Mỗ (phần còn lại sau khi sáp nhập vào phường Xuân Phương, phường Tây Mỗ, phường Đại Mỗ, phường Hà Đông), Phường La Khê (phần còn lại sau khi sáp nhập vào phường Hà Đông)",
      "wardCode": 3215
    },
    {
      "id": 29,
      "code": "0029",
      "name": "Gia Lâm",
      "type": "xã",
      "area": 25.72,
      "population": 90498,
      "adminCenter": "Số 1, phố Thuận An, xã Gia Lâm",
      "longitude": 105.949,
      "latitude": 21.0028,
      "beforeMerger": "Xã Dương Xá, Xã Kiêu Kỵ, Thị trấn Trâu Quỳ, Phường Thạch Bàn, Xã Phú Sơn (huyện Gia Lâm), Xã Cổ Bi, Xã Đa Tốn, Xã Bát Tràng",
      "wardCode": 3249
    },
    {
      "id": 30,
      "code": "0030",
      "name": "Giảng Võ",
      "type": "phường",
      "area": 2.6,
      "population": 97034,
      "adminCenter": "Số 525, phố Kim Mã, phường Giảng Võ",
      "longitude": 105.814,
      "latitude": 21.0276,
      "beforeMerger": "Phường Giảng Võ, Phường Cát Linh, Phường Láng Hạ, Phường Ngọc Khánh, Phường Thành Công, Phường Cống Vị (phần còn lại sau khi sáp nhập vào phường Ngọc Hà), Phường Kim Mã (phần còn lại sau khi sáp nhập vào phường Ba Đình, phường Ngọc Hà)",
      "wardCode": 3280
    },
    {
      "id": 31,
      "code": "0031",
      "name": "Hạ Bằng",
      "type": "xã",
      "area": 32.14,
      "population": 38721,
      "adminCenter": "Thôn Sen Trì, xã Hạ Bằng",
      "longitude": 105.561,
      "latitude": 21.0203,
      "beforeMerger": "Xã Cần Kiệm, Xã Đồng Trúc, Xã Bình Yên, Xã Hạ Bằng, Xã Tân Xã, Xã Phú Cát",
      "wardCode": 3295
    },
    {
      "id": 32,
      "code": "0032",
      "name": "Hà Đông",
      "type": "phường",
      "area": 9,
      "population": 185205,
      "adminCenter": "Số 2, phố Hà Cầu, phường Hà Đông",
      "longitude": 105.778,
      "latitude": 20.9735,
      "beforeMerger": "Phường Phúc La, Phường Vạn Phúc, Phường Quang Trung (quận Hà Đông), Phường Đại Mỗ, Phường Hà Cầu, Phường La Khê, Phường Văn Quán, Xã Tân Triều, Phường Mộ Lao (phần còn lại sau khi sáp nhập vào phường Đại Mỗ)",
      "wardCode": 3211
    },
    {
      "id": 33,
      "code": "0033",
      "name": "Hai Bà Trưng",
      "type": "phường",
      "area": 2.65,
      "population": 87801,
      "adminCenter": "Số 30 Lê Đại Hành, phường Hai Bà Trưng",
      "longitude": 105.852,
      "latitude": 21.0136,
      "beforeMerger": "Phường Đồng Nhân, Phường Phố Huế, Phường Bạch Đằng, Phường Lê Đại Hành, Phường Nguyễn Du, Phường Thanh Nhàn, Phường Phạm Đình Hổ (phần còn lại sau khi sáp nhập vào phường Cửa Nam)",
      "wardCode": 3270
    },
    {
      "id": 34,
      "code": "0034",
      "name": "Hát Môn",
      "type": "xã",
      "area": 37.67,
      "population": 72227,
      "adminCenter": "Thôn 1 - Tam Thuấn, xã Hát Môn",
      "longitude": 105.623,
      "latitude": 21.0896,
      "beforeMerger": "Xã Tam Hiệp (huyện Phúc Thọ), Xã Hiệp Thuận, Xã Liên Hiệp, Xã Ngọc Tảo, Xã Tam Thuấn, Xã Thanh Đa, Xã Hát Môn",
      "wardCode": 3225
    },
    {
      "id": 35,
      "code": "0035",
      "name": "Hòa Lạc",
      "type": "xã",
      "area": 35.37,
      "population": 20815,
      "adminCenter": "Thôn 1, Thạch Hòa, xã Hòa Lạc",
      "longitude": 105.513,
      "latitude": 21.0122,
      "beforeMerger": "Xã Tiến Xuân, Xã Thạch Hòa, Xã Cổ Đông (phần còn lại sau khi sáp nhập vào xã Đoài Phương), Xã Bình Yên (phần còn lại sau khi sáp nhập vào xã Hạ Bằng), Xã Hạ Bằng (phần còn lại sau khi sáp nhập vào xã Hạ Bằng), Xã Tân Xã (phần còn lại sau khi sáp nhập vào xã Hạ Bằng)",
      "wardCode": 3294
    },
    {
      "id": 36,
      "code": "0036",
      "name": "Hòa Phú",
      "type": "xã",
      "area": 29.87,
      "population": 49948,
      "adminCenter": "Thôn Hòa Xá, xã Hòa Phú",
      "longitude": 105.735,
      "latitude": 20.8241,
      "beforeMerger": "Xã Hòa Phú (huyện Chương Mỹ), Xã Đồng Lạc, Xã Hồng Phú, Xã Thượng Vực, Xã Văn Võ, Xã Kim Thư (phần còn lại sau khi sáp nhập vào xã Thanh Oai)",
      "wardCode": 3201
    },
    {
      "id": 37,
      "code": "0037",
      "name": "Hòa Xá",
      "type": "xã",
      "area": 40.42,
      "population": 69428,
      "adminCenter": "Thôn Đặng Giang, xã Hòa Xá",
      "longitude": 105.79,
      "latitude": 20.6674,
      "beforeMerger": "Xã Hòa Phú, Xã Thái Hòa (huyện Ứng Hòa), Xã Bình Lưu Quang, Xã Phù Lưu",
      "wardCode": 3272
    },
    {
      "id": 38,
      "code": "0038",
      "name": "Hoài Đức",
      "type": "xã",
      "area": 16.73,
      "population": 69239,
      "adminCenter": "Số 125 tỉnh lộ 422, xã Hoài Đức",
      "longitude": 105.705,
      "latitude": 21.062,
      "beforeMerger": "Thị trấn Trạm Trôi, Xã Di Trạch, Xã Đức Giang, Xã Đức Thượng, Phường Tây Tựu, Xã Tân Lập, Xã Kim Chung (huyện Hoài Đức) (phần còn lại sau khi sáp nhập vào phường Tây Tựu)",
      "wardCode": 3291
    },
    {
      "id": 39,
      "code": "0039",
      "name": "Hoàn Kiếm",
      "type": "phường",
      "area": 1.91,
      "population": 105301,
      "adminCenter": "Số 126 Hàng Trống, phường Hoàn Kiếm",
      "longitude": 105.85,
      "latitude": 21.032,
      "beforeMerger": "Phường Hàng Bạc, Phường Hàng Bồ, Phường Hàng Buồm, Phường Hàng Đào, Phường Hàng Gai, Phường Hàng Mã, Phường Lý Thái Tổ, Phường Cửa Đông, Phường Cửa Nam, Phường Điện Biên, Phường Đồng Xuân, Phường Hàng Bông, Phường Hàng Trống, Phường Tràng Tiền",
      "wardCode": 3232
    },
    {
      "id": 40,
      "code": "0040",
      "name": "Hoàng Liệt",
      "type": "phường",
      "area": 4.04,
      "population": 55820,
      "adminCenter": "Số 5, đường Linh Đường, phường Hoàng Liệt",
      "longitude": 105.832,
      "latitude": 20.9615,
      "beforeMerger": "Phường Hoàng Liệt, Thị trấn Văn Điển, Xã Tam Hiệp (huyện Thanh Trì), Xã Thanh Liệt, Phường Đại Kim",
      "wardCode": 3243
    },
    {
      "id": 41,
      "code": "0041",
      "name": "Hoàng Mai",
      "type": "phường",
      "area": 9.04,
      "population": 98502,
      "adminCenter": "Số 8 ngõ 6 phố Bùi Huy Bích, phường Hoàng Mai",
      "longitude": 105.862,
      "latitude": 20.9746,
      "beforeMerger": "Phường Giáp Bát, Phường Hoàng Liệt, Phường Hoàng Văn Thụ, Phường Lĩnh Nam, Phường Tân Mai, Phường Thịnh Liệt, Phường Tương Mai, Phường Trần Phú, Phường Vĩnh Hưng, Phường Yên Sở",
      "wardCode": 3192
    },
    {
      "id": 42,
      "code": "0042",
      "name": "Hồng Hà",
      "type": "phường",
      "area": 15.09,
      "population": 123282,
      "adminCenter": "Số 30 phố Tứ Liên, phường Hồng Hà",
      "longitude": 105.846,
      "latitude": 21.0565,
      "beforeMerger": "Phường Chương Dương, Phường Phúc Tân, Phường Phúc Xá, Phường Nhật Tân, Phường Phú Thượng, Phường Quảng An, Phường Thanh Lương, Phường Tứ Liên, Phường Yên Phụ, Phường Bồ Đề, Phường Ngọc Thụy, Phường Bạch Đằng (phần còn lại sau khi sáp nhập vào phường Hai Bà Trưng)",
      "wardCode": 3191
    },
    {
      "id": 43,
      "code": "0043",
      "name": "Hồng Sơn",
      "type": "xã",
      "area": 54.38,
      "population": 63130,
      "adminCenter": "Đường Hồng Sơn, thôn Hạ Sở, xã Hồng Sơn",
      "longitude": 105.706,
      "latitude": 20.7159,
      "beforeMerger": "Xã Phùng Xá (huyện Mỹ Đức), Xã An Mỹ, Xã Hợp Tiến, Xã Lê Thanh, Xã Xuy Xá, Xã Hồng Sơn",
      "wardCode": 3195
    },
    {
      "id": 44,
      "code": "0044",
      "name": "Hồng Vân",
      "type": "xã",
      "area": 24.53,
      "population": 58685,
      "adminCenter": "Thôn Nỏ Bạn, xã Hồng Vân",
      "longitude": 105.888,
      "latitude": 20.8798,
      "beforeMerger": "Xã Hà Hồi, Xã Hồng Vân, Xã Liên Phương, Xã Vân Tảo, Xã Duyên Thái (phần còn lại sau khi sáp nhập vào xã Nam Phù, xã Ngọc Hồi), Xã Ninh Sở (phần còn lại sau khi sáp nhập vào xã Nam Phù), Xã Đông Mỹ (phần còn lại sau khi sáp nhập vào xã Nam Phù)",
      "wardCode": 3190
    },
    {
      "id": 45,
      "code": "0045",
      "name": "Hưng Đạo",
      "type": "xã",
      "area": 24.9,
      "population": 49357,
      "adminCenter": "Thôn Thị Ngoại, xã Hưng Đạo",
      "longitude": 105.67,
      "latitude": 20.9674,
      "beforeMerger": "Xã Cộng Hoà, Xã Đồng Quang, Xã Hưng Đạo",
      "wardCode": 3208
    },
    {
      "id": 46,
      "code": "0046",
      "name": "Hương Sơn",
      "type": "xã",
      "area": 69.11,
      "population": 52634,
      "adminCenter": "Số 89, xóm 11, thôn Đục Khê, xã Hương Sơn",
      "longitude": 105.763,
      "latitude": 20.6193,
      "beforeMerger": "Xã An Tiến, Xã Hùng Tiến, Xã Vạn Tín, Xã Hương Sơn",
      "wardCode": 3273
    },
    {
      "id": 47,
      "code": "0047",
      "name": "Khương Đình",
      "type": "phường",
      "area": 3.1,
      "population": 86286,
      "adminCenter": "Số 33 Khương Hạ, phường Khương Đình",
      "longitude": 105.815,
      "latitude": 20.991,
      "beforeMerger": "Phường Hạ Đình, Phường Khương Đình, Phường Khương Trung, Phường Đại Kim, Xã Tân Triều, Phường Thanh Xuân Trung (phần còn lại sau khi sáp nhập vào phường Thanh Xuân), Phường Thượng Đình (phần còn lại sau khi sáp nhập vào phường Thanh Xuân)",
      "wardCode": 3234
    },
    {
      "id": 48,
      "code": "0048",
      "name": "Kiến Hưng",
      "type": "phường",
      "area": 6.65,
      "population": 70833,
      "adminCenter": "Lô C3, khu đô thị Văn Phú, phường Kiến Hưng",
      "longitude": 105.78,
      "latitude": 20.9549,
      "beforeMerger": "Phường Kiến Hưng, Phường Phú Lương, Phường Quang Trung (quận Hà Đông) (phần còn lại sau khi sáp nhập vào phường Hà Đông), Phường Hà Cầu (phần còn lại sau khi sáp nhập vào phường Hà Đông), Phường Phú La (phần còn lại sau khi sáp nhập vào phường Dương Nội)",
      "wardCode": 3216
    },
    {
      "id": 49,
      "code": "0049",
      "name": "Kiều Phú",
      "type": "xã",
      "area": 34.53,
      "population": 60885,
      "adminCenter": "Thôn Phú Mỹ, xã Kiều Phú",
      "longitude": 105.607,
      "latitude": 20.9754,
      "beforeMerger": "Xã Cấn Hữu, Xã Liệp Nghĩa, Xã Tuyết Nghĩa, Xã Ngọc Liệp (phần còn lại sau khi sáp nhập vào xã Tây Phương), Xã Quang Trung (phần còn lại sau khi sáp nhập vào xã Tây Phương), Xã Ngọc Mỹ (phần còn lại sau khi sáp nhập vào xã Quốc Oai)",
      "wardCode": 3207
    },
    {
      "id": 50,
      "code": "0050",
      "name": "Kim Anh",
      "type": "xã",
      "area": 52.8,
      "population": 48564,
      "adminCenter": "Thôn Thắng Trí, xã Kim Anh",
      "longitude": 105.763,
      "latitude": 21.2767,
      "beforeMerger": "Xã Tân Dân (huyện Sóc Sơn), Xã Minh Phú, Xã Minh Trí",
      "wardCode": 3267
    },
    {
      "id": 51,
      "code": "0051",
      "name": "Kim Liên",
      "type": "phường",
      "area": 2.46,
      "population": 109107,
      "adminCenter": "Số 2 ngõ 4B phố Đặng Văn Ngữ, phường Kim Liên",
      "longitude": 105.832,
      "latitude": 21.0057,
      "beforeMerger": "Phường Kim Liên, Phường Khương Thượng, Phường Nam Đồng, Phường Phương Liên Trung Tự, Phường Trung Liệt, Phường Phương Mai (phần còn lại sau khi sáp nhập vào phường Bạch Mai), Phường Quang Trung (quận Đống Đa) (phần còn lại sau khi sáp nhập vào phường Đống Đa)",
      "wardCode": 3275
    },
    {
      "id": 52,
      "code": "0052",
      "name": "Láng",
      "type": "phường",
      "area": 1.88,
      "population": 61135,
      "adminCenter": "Số 79A ngõ 25 Vũ Ngọc Phan, phường Láng",
      "longitude": 105.806,
      "latitude": 21.0211,
      "beforeMerger": "Phường Láng Thượng, Phường Láng Hạ (phần còn lại sau khi sáp nhập vào phường Giảng Võ, phường Đống Đa), Phường Ngọc Khánh (phần còn lại sau khi sáp nhập vào phường Ngọc Hà, phường Giảng Võ)",
      "wardCode": 3271
    },
    {
      "id": 53,
      "code": "0053",
      "name": "Liên Minh",
      "type": "xã",
      "area": 23.57,
      "population": 47769,
      "adminCenter": "Số 121, đường Nam Sông Hồng, thôn 7, xã Liên Minh",
      "longitude": 105.646,
      "latitude": 21.1279,
      "beforeMerger": "Xã Phương Đình, Xã Trung Châu, Xã Thọ Xuân, Xã Thọ An, Xã Hồng Hà, Xã Tiến Thịnh",
      "wardCode": 3303
    },
    {
      "id": 54,
      "code": "0054",
      "name": "Lĩnh Nam",
      "type": "phường",
      "area": 10.86,
      "population": 20706,
      "adminCenter": "Số 669 đường Lĩnh Nam, phường Lĩnh Nam",
      "longitude": 105.89,
      "latitude": 20.9651,
      "beforeMerger": "Phường Lĩnh Nam, Phường Thanh Trì, Phường Trần Phú, Phường Yên Sở, Phường Thanh Lương (phần còn lại sau khi sáp nhập vào phường Vĩnh Tuy, phường Hồng Hà)",
      "wardCode": 3193
    },
    {
      "id": 55,
      "code": "0055",
      "name": "Long Biên",
      "type": "phường",
      "area": 19.04,
      "population": 62887,
      "adminCenter": "Số 199 đường Bát Khối, phường Long Biên",
      "longitude": 105.896,
      "latitude": 21.0198,
      "beforeMerger": "Phường Cự Khối, Phường Phúc Đồng, Phường Thạch Bàn, Xã Bát Tràng, Phường Long Biên, Phường Bồ Đề, Phường Gia Thụy",
      "wardCode": 3197
    },
    {
      "id": 56,
      "code": "0056",
      "name": "Mê Linh",
      "type": "xã",
      "area": 34.97,
      "population": 62197,
      "adminCenter": "Thôn Tráng Việt, xã Mê Linh",
      "longitude": 105.733,
      "latitude": 21.1508,
      "beforeMerger": "Xã Tráng Việt, Xã Tiền Phong (huyện Mê Linh), Xã Văn Khê, Xã Mê Linh, Xã Đại Thịnh, Xã Hồng Hà, Xã Liên Hà (huyện Đan Phượng) (phần còn lại sau khi sáp nhập vào xã Ô Diên), Xã Liên Hồng (phần còn lại sau khi sáp nhập vào xã Ô Diên), Xã Liên Trung (phần còn lại sau khi sáp nhập vào xã Ô Diên), Xã Đại Mạch (phần còn lại sau khi sáp nhập vào xã Thiên Lộc)",
      "wardCode": 3256
    },
    {
      "id": 57,
      "code": "0057",
      "name": "Minh Châu",
      "type": "xã",
      "area": 10.36,
      "population": 6646,
      "adminCenter": "Thôn Chu Chàng, xã Minh Châu",
      "longitude": 105.453,
      "latitude": 21.2123,
      "beforeMerger": "Xã Minh Châu, Thị trấn Tây Đằng, Xã Chu Minh",
      "wardCode": 3288
    },
    {
      "id": 58,
      "code": "0058",
      "name": "Mỹ Đức",
      "type": "xã",
      "area": 52.73,
      "population": 53640,
      "adminCenter": "Số 2 phố Đại Đồng, xã Mỹ Đức",
      "longitude": 105.692,
      "latitude": 20.6459,
      "beforeMerger": "Thị trấn Đại Nghĩa, Xã An Phú, Xã Đại Hưng, Xã Hợp Thanh, Xã Phù Lưu Tế",
      "wardCode": 3186
    },
    {
      "id": 59,
      "code": "0059",
      "name": "Nam Phù",
      "type": "xã",
      "area": 13.74,
      "population": 42772,
      "adminCenter": "Thôn 2 Đông Mỹ, xã Nam Phù",
      "longitude": 105.884,
      "latitude": 20.9198,
      "beforeMerger": "Xã Vạn Phúc, Xã Liên Ninh, Xã Ninh Sở, Xã Đông Mỹ, Xã Duyên Thái, Xã Ngũ Hiệp (phần còn lại sau khi sáp nhập vào xã Thanh Trì), Xã Yên Mỹ (phần còn lại sau khi sáp nhập vào xã Thanh Trì), Xã Duyên Hà (phần còn lại sau khi sáp nhập vào xã Thanh Trì)",
      "wardCode": 3213
    },
    {
      "id": 60,
      "code": "0060",
      "name": "Nghĩa Đô",
      "type": "phường",
      "area": 4.34,
      "population": 125568,
      "adminCenter": "Số 45 phố Nghĩa Tân, phường Nghĩa Đô",
      "longitude": 105.794,
      "latitude": 21.0451,
      "beforeMerger": "Phường Nghĩa Tân, Phường Cổ Nhuế 1, Phường Mai Dịch, Phường Nghĩa Đô, Phường Xuân La, Phường Xuân Tảo, Phường Dịch Vọng (phần còn lại sau khi sáp nhập vào phường Cầu Giấy), Phường Dịch Vọng Hậu (phần còn lại sau khi sáp nhập vào phường Cầu Giấy), Phường Quan Hoa (phần còn lại sau khi sáp nhập vào phường Cầu Giấy)",
      "wardCode": 3284
    },
    {
      "id": 61,
      "code": "0061",
      "name": "Ngọc Hà",
      "type": "phường",
      "area": 2.68,
      "population": 93536,
      "adminCenter": "Số 25, phố Liễu Giai, phường Ngọc Hà",
      "longitude": 105.816,
      "latitude": 21.0381,
      "beforeMerger": "Phường Vĩnh Phúc, Phường Liễu Giai, Phường Cống Vị, Phường Kim Mã, Phường Ngọc Khánh, Phường Nghĩa Đô, Phường Đội Cấn (phần còn lại sau khi sáp nhập vào phường Ba Đình), Phường Ngọc Hà (phần còn lại sau khi sáp nhập vào phường Ba Đình)",
      "wardCode": 3278
    },
    {
      "id": 62,
      "code": "0062",
      "name": "Ngọc Hồi",
      "type": "xã",
      "area": 13.35,
      "population": 43864,
      "adminCenter": "Thôn Đại Áng, xã Ngọc Hồi",
      "longitude": 105.837,
      "latitude": 20.9123,
      "beforeMerger": "Xã Ngọc Hồi, Xã Duyên Thái, Xã Đại Áng, Xã Khánh Hà, Xã Liên Ninh (phần còn lại sau khi sáp nhập vào xã Nam Phù)",
      "wardCode": 3214
    },
    {
      "id": 63,
      "code": "0063",
      "name": "Nội Bài",
      "type": "xã",
      "area": 51.64,
      "population": 70469,
      "adminCenter": "Thôn Thanh Nhàn, xã Nội Bài",
      "longitude": 105.785,
      "latitude": 21.2302,
      "beforeMerger": "Xã Phú Cường (huyện Sóc Sơn), Xã Hiền Ninh, Xã Thanh Xuân, Xã Mai Đình (phần còn lại sau khi sáp nhập vào xã Sóc Sơn), Xã Phú Minh (phần còn lại sau khi sáp nhập vào xã Sóc Sơn), Xã Quang Tiến (phần còn lại sau khi sáp nhập vào xã Sóc Sơn)",
      "wardCode": 3265
    },
    {
      "id": 64,
      "code": "0064",
      "name": "Ô Chợ Dừa",
      "type": "phường",
      "area": 1.83,
      "population": 71293,
      "adminCenter": "Số 61 phố Hoàng Cầu, phường Ô Chợ Dừa",
      "longitude": 105.826,
      "latitude": 21.0244,
      "beforeMerger": "Phường Cát Linh (phần còn lại sau khi sáp nhập vào phường Giảng Võ), Phường Điện Biên (phần còn lại sau khi sáp nhập vào phường Hoàn Kiếm, phường Ba Đình, phường Văn Miếu Quốc Tử Giám), Phường Thành Công (phần còn lại sau khi sáp nhập vào phường Giảng Võ), Phường Ô Chợ Dừa (phần còn lại sau khi sáp nhập vào phường Đống Đa), Phường Trung Liệt (phần còn lại sau khi sáp nhập vào phường Đống Đa, phường Kim Liên), Phường Hàng Bột (phần còn lại sau khi sáp nhập vào phường Văn Miếu Quốc Tử Giám), Phường Văn Miếu Quốc Tử Giám (phần còn lại sau khi sáp nhập vào phường Văn Miếu Quốc Tử Giám)",
      "wardCode": 3261
    },
    {
      "id": 65,
      "code": "0065",
      "name": "Ô Diên",
      "type": "xã",
      "area": 32.06,
      "population": 97506,
      "adminCenter": "Số 3, đường Phan Xích, xã Ô Diên",
      "longitude": 105.704,
      "latitude": 21.1094,
      "beforeMerger": "Xã Hạ Mỗ, Xã Tân Hội, Xã Liên Hà (huyện Đan Phượng), Xã Hồng Hà, Xã Liên Hồng, Xã Liên Trung, Phường Tây Tựu (phần còn lại sau khi sáp nhập vào phường Tây Tựu, phường Đông Ngạc, phường Thượng Cát, xã Hoài Đức), Xã Tân Lập (phần còn lại sau khi sáp nhập vào xã Hoài Đức)",
      "wardCode": 3245
    },
    {
      "id": 66,
      "code": "0066",
      "name": "Phú Cát",
      "type": "xã",
      "area": 51.21,
      "population": 43339,
      "adminCenter": "Thôn Đông Hạ, xã Phú Cát",
      "longitude": 105.561,
      "latitude": 20.9461,
      "beforeMerger": "Xã Đông Yên, Xã Hoà Thạch, Xã Phú Mãn, Xã Phú Cát (phần còn lại sau khi sáp nhập vào xã Hạ Bằng)",
      "wardCode": 3206
    },
    {
      "id": 67,
      "code": "0067",
      "name": "Phú Diễn",
      "type": "phường",
      "area": 6.29,
      "population": 74603,
      "adminCenter": "Tổ dân phố số 18, phường Phú Diễn",
      "longitude": 105.766,
      "latitude": 21.0489,
      "beforeMerger": "Phường Phú Diễn, Phường Cổ Nhuế 1, Phường Mai Dịch, Phường Phúc Diễn",
      "wardCode": 3300
    },
    {
      "id": 68,
      "code": "0068",
      "name": "Phù Đổng",
      "type": "xã",
      "area": 41.62,
      "population": 111484,
      "adminCenter": "Thôn Thượng, xã Phù Đổng",
      "longitude": 105.95,
      "latitude": 21.0622,
      "beforeMerger": "Thị trấn Yên Viên, Xã Ninh Hiệp, Xã Phù Đổng, Xã Thiên Đức, Xã Yên Thường, Xã Yên Viên, Xã Cổ Bi (phần còn lại sau khi sáp nhập vào phường Phúc Lợi, xã Gia Lâm), Xã Đặng Xá (phần còn lại sau khi sáp nhập vào xã Thuận An)",
      "wardCode": 3198
    },
    {
      "id": 69,
      "code": "0069",
      "name": "Phú Lương",
      "type": "phường",
      "area": 9.4,
      "population": 52024,
      "adminCenter": "Tổ dân phố 4, phường Phú Lương",
      "longitude": 105.766,
      "latitude": 20.9394,
      "beforeMerger": "Phường Phú Lãm, Phường Kiến Hưng, Phường Phú Lương, Xã Cự Khê, Xã Hữu Hòa",
      "wardCode": 3222
    },
    {
      "id": 70,
      "code": "0070",
      "name": "Phú Nghĩa",
      "type": "xã",
      "area": 40.25,
      "population": 71048,
      "adminCenter": "Thôn Yên Kiện, xã Đông Phương Yên, huyện Chương Mỹ",
      "longitude": 105.642,
      "latitude": 20.9182,
      "beforeMerger": "Xã Đông Phương Yên, Xã Đông Sơn, Xã Thanh Bình, Xã Trung Hòa, Xã Trường Yên, Xã Phú Nghĩa",
      "wardCode": 3205
    },
    {
      "id": 71,
      "code": "0071",
      "name": "Phú Thượng",
      "type": "phường",
      "area": 7.21,
      "population": 39322,
      "adminCenter": "Số 58 Phú Xá, phường Phú Thượng",
      "longitude": 105.802,
      "latitude": 21.086,
      "beforeMerger": "Phường Đông Ngạc, Phường Xuân La, Phường Xuân Đỉnh, Phường Xuân Tảo, Phường Phú Thượng (phần còn lại sau khi sáp nhập vào phường Hồng Hà, phường Tây Hồ)",
      "wardCode": 3281
    },
    {
      "id": 72,
      "code": "0072",
      "name": "Phú Xuyên",
      "type": "xã",
      "area": 60.02,
      "population": 96635,
      "adminCenter": "Tiểu khu Thao Chính, xã Phú Xuyên",
      "longitude": 105.917,
      "latitude": 20.7642,
      "beforeMerger": "Thị trấn Phú Minh, Thị trấn Phú Xuyên, Xã Hồng Thái, Xã Minh Cường, Xã Nam Phong, Xã Nam Tiến, Xã Quang Hà, Xã Văn Tự, Xã Tô Hiệu (phần còn lại sau khi sáp nhập vào xã Chương Dương), Xã Vạn Nhất (phần còn lại sau khi sáp nhập vào xã Chương Dương)",
      "wardCode": 3178
    },
    {
      "id": 73,
      "code": "0073",
      "name": "Phúc Lộc",
      "type": "xã",
      "area": 41.15,
      "population": 61457,
      "adminCenter": "Số 99 thôn Nam Võng, xã Phúc Lộc",
      "longitude": 105.575,
      "latitude": 21.1468,
      "beforeMerger": "Xã Nam Hà, Xã Sen Phương, Xã Vân Phúc, Xã Võng Xuyên, Xã Xuân Đình",
      "wardCode": 3233
    },
    {
      "id": 74,
      "code": "0074",
      "name": "Phúc Lợi",
      "type": "phường",
      "area": 10.41,
      "population": 66790,
      "adminCenter": "Tổ 6, phường Phúc Lợi",
      "longitude": 105.919,
      "latitude": 21.0423,
      "beforeMerger": "Phường Thạch Bàn, Xã Cổ Bi, Phường Giang Biên (phần còn lại sau khi sáp nhập vào phường Việt Hưng), Phường Việt Hưng (phần còn lại sau khi sáp nhập vào phường Việt Hưng), Phường Phúc Lợi (phần còn lại sau khi sáp nhập vào phường Việt Hưng), Phường Phúc Đồng (phần còn lại sau khi sáp nhập vào phường Long Biên, phường Bồ Đề, phường Việt Hưng)",
      "wardCode": 3260
    },
    {
      "id": 75,
      "code": "0075",
      "name": "Phúc Sơn",
      "type": "xã",
      "area": 49.31,
      "population": 54084,
      "adminCenter": "Khu trung tâm Mỹ Thành, xã Phúc Sơn",
      "longitude": 105.681,
      "latitude": 20.7811,
      "beforeMerger": "Xã Mỹ Xuyên, Xã Phúc Lâm, Xã Thượng Lâm, Xã Tuy Lai, Xã Đồng Tâm",
      "wardCode": 3200
    },
    {
      "id": 76,
      "code": "0076",
      "name": "Phúc Thịnh",
      "type": "xã",
      "area": 42.63,
      "population": 95951,
      "adminCenter": "Thôn Cán Khê, xã Phúc Thịnh",
      "longitude": 105.815,
      "latitude": 21.1623,
      "beforeMerger": "Xã Bắc Hồng, Xã Nam Hồng, Xã Vân Nội, Xã Vĩnh Ngọc, Xã Nguyên Khê (phần còn lại sau khi sáp nhập vào xã Thư Lâm), Xã Xuân Nộn (phần còn lại sau khi sáp nhập vào xã Thư Lâm), Xã Tiên Dương (phần còn lại sau khi sáp nhập vào xã Đông Anh), Thị trấn Đông Anh (phần còn lại sau khi sáp nhập vào xã Thư Lâm, xã Đông Anh)",
      "wardCode": 3255
    },
    {
      "id": 77,
      "code": "0077",
      "name": "Phúc Thọ",
      "type": "xã",
      "area": 39.66,
      "population": 75425,
      "adminCenter": "Số 39 đường Lạc Trị, xã Phúc Thọ",
      "longitude": 105.528,
      "latitude": 21.1122,
      "beforeMerger": "Thị trấn Phúc Thọ, Xã Long Thượng, Xã Phúc Hòa, Xã Phụng Thượng, Xã Tích Lộc, Xã Trạch Mỹ Lộc",
      "wardCode": 3226
    },
    {
      "id": 78,
      "code": "0078",
      "name": "Phượng Dực",
      "type": "xã",
      "area": 44.69,
      "population": 60281,
      "adminCenter": "Thôn Phượng Vũ, xã Phượng Dực",
      "longitude": 105.837,
      "latitude": 20.7721,
      "beforeMerger": "Xã Hoàng Long, Xã Hồng Minh, Xã Phú Túc, Xã Văn Hoàng, Xã Phượng Dực",
      "wardCode": 3180
    },
    {
      "id": 79,
      "code": "0079",
      "name": "Phương Liệt",
      "type": "phường",
      "area": 3.2,
      "population": 81977,
      "adminCenter": "Số 136 Nguyễn Ngọc Nại, phường Phương Liệt",
      "longitude": 105.832,
      "latitude": 20.9926,
      "beforeMerger": "Phường Khương Mai, Phường Thịnh Liệt (phần còn lại sau khi sáp nhập vào phường Hoàng Mai, phường Định Công, phường Yên Sở), Phường Phương Liệt (phần còn lại sau khi sáp nhập vào phường Tương Mai), Phường Định Công (phần còn lại sau khi sáp nhập vào phường Định Công), Phường Khương Đình (phần còn lại sau khi sáp nhập vào phường Khương Đình), Phường Khương Trung (phần còn lại sau khi sáp nhập vào phường Khương Đình)",
      "wardCode": 3229
    },
    {
      "id": 80,
      "code": "0080",
      "name": "Quảng Bị",
      "type": "xã",
      "area": 37.14,
      "population": 62968,
      "adminCenter": "Thôn Thái Hòa, xã Quảng Bị",
      "longitude": 105.703,
      "latitude": 20.8731,
      "beforeMerger": "Xã Hoàng Diệu, Xã Hợp Đồng, Xã Quảng Bị, Xã Tốt Động, Xã Lam Điền (phần còn lại sau khi sáp nhập vào xã Bình Minh)",
      "wardCode": 3203
    },
    {
      "id": 81,
      "code": "0081",
      "name": "Quang Minh",
      "type": "xã",
      "area": 32.17,
      "population": 69623,
      "adminCenter": "Thôn Nội Đồng, xã Quang Minh",
      "longitude": 105.751,
      "latitude": 21.1926,
      "beforeMerger": "Thị trấn Chi Đông, Thị trấn Quang Minh, Xã Mê Linh (phần còn lại sau khi sáp nhập vào xã Mê Linh), Xã Tiền Phong (huyện Mê Linh) (phần còn lại sau khi sáp nhập vào xã Thiên Lộc, xã Mê Linh), Xã Đại Thịnh (phần còn lại sau khi sáp nhập vào xã Mê Linh, xã Tiến Thắng), Xã Kim Hoa (phần còn lại sau khi sáp nhập vào xã Tiến Thắng), Xã Thanh Lâm (phần còn lại sau khi sáp nhập vào xã Tiến Thắng)",
      "wardCode": 3257
    },
    {
      "id": 82,
      "code": "0082",
      "name": "Quảng Oai",
      "type": "xã",
      "area": 49.26,
      "population": 59001,
      "adminCenter": "Số 252 đường Quảng Oai, xã Quảng Oai",
      "longitude": 105.428,
      "latitude": 21.1746,
      "beforeMerger": "Xã Cam Thượng, Xã Đông Quang, Xã Tiên Phong, Xã Thụy An, Thị trấn Tây Đằng (phần còn lại sau khi sáp nhập vào xã Minh Châu), Xã Chu Minh (phần còn lại sau khi sáp nhập vào xã Minh Châu)",
      "wardCode": 3237
    },
    {
      "id": 83,
      "code": "0083",
      "name": "Quốc Oai",
      "type": "xã",
      "area": 24,
      "population": 63344,
      "adminCenter": "Số 10, đường 17/8, xã Quốc Oai",
      "longitude": 105.653,
      "latitude": 21.0162,
      "beforeMerger": "Xã Thạch Thán, Xã Sài Sơn, Xã Ngọc Mỹ, Thị trấn Quốc Oai (phần còn lại sau khi sáp nhập vào xã Tây Phương), Xã Phượng Sơn (phần còn lại sau khi sáp nhập vào xã Tây Phương)",
      "wardCode": 3241
    },
    {
      "id": 84,
      "code": "0084",
      "name": "Sóc Sơn",
      "type": "xã",
      "area": 68.24,
      "population": 117876,
      "adminCenter": "Số 1 đường Núi Đôi, xã Sóc Sơn",
      "longitude": 105.849,
      "latitude": 21.2463,
      "beforeMerger": "Thị trấn Sóc Sơn, Xã Tân Minh, Xã Đông Xuân (huyện Sóc Sơn), Xã Phù Lỗ, Xã Phù Linh, Xã Tiên Dược, Xã Mai Đình, Xã Phú Minh, Xã Quang Tiến",
      "wardCode": 3263
    },
    {
      "id": 85,
      "code": "0085",
      "name": "Sơn Đồng",
      "type": "xã",
      "area": 21.57,
      "population": 63267,
      "adminCenter": "Số 6, đường Tiền Yên, thôn Tiền Lệ, xã Sơn Đồng",
      "longitude": 105.705,
      "latitude": 21.0242,
      "beforeMerger": "Xã Lại Yên, Xã Sơn Đồng, Xã Tiền Yên, Xã An Khánh, Xã Song Phương, Xã Vân Côn, Xã An Thượng, Xã Vân Canh (phần còn lại sau khi sáp nhập vào phường Xuân Phương)",
      "wardCode": 3242
    },
    {
      "id": 86,
      "code": "0086",
      "name": "Sơn Tây",
      "type": "phường",
      "area": 23.08,
      "population": 71301,
      "adminCenter": "Số 1 phố Phó Đức Chính, phường Sơn Tây",
      "longitude": 105.49,
      "latitude": 21.1442,
      "beforeMerger": "Phường Ngô Quyền, Phường Phú Thịnh, Phường Viên Sơn, Xã Đường Lâm, Phường Trung Hưng, Phường Sơn Lộc, Xã Thanh Mỹ",
      "wardCode": 3240
    },
    {
      "id": 87,
      "code": "0087",
      "name": "Suối Hai",
      "type": "xã",
      "area": 51.56,
      "population": 35201,
      "adminCenter": "Thôn Đức Thịnh, xã Suối Hai",
      "longitude": 105.377,
      "latitude": 21.124,
      "beforeMerger": "Xã Ba Trại, Xã Tản Lĩnh, Xã Thụy An (phần còn lại sau khi sáp nhập vào xã Quảng Oai), Xã Cẩm Lĩnh (phần còn lại sau khi sáp nhập vào xã Bất Bạt)",
      "wardCode": 3228
    },
    {
      "id": 88,
      "code": "0088",
      "name": "Tam Hưng",
      "type": "xã",
      "area": 29.45,
      "population": 39087,
      "adminCenter": "Số 65 thôn Gia Vĩnh, xã Tam Hưng",
      "longitude": 105.798,
      "latitude": 20.8758,
      "beforeMerger": "Xã Mỹ Hưng, Xã Thanh Thùy, Xã Thanh Văn, Xã Tam Hưng",
      "wardCode": 3188
    },
    {
      "id": 89,
      "code": "0089",
      "name": "Tây Hồ",
      "type": "phường",
      "area": 10.72,
      "population": 100122,
      "adminCenter": "Số 657 Lạc Long Quân, phường Tây Hồ",
      "longitude": 105.82,
      "latitude": 21.058,
      "beforeMerger": "Phường Bưởi, Phường Phú Thượng, Phường Xuân La, Phường Nhật Tân (phần còn lại sau khi sáp nhập vào phường Hồng Hà), Phường Quảng An (phần còn lại sau khi sáp nhập vào phường Hồng Hà), Phường Tứ Liên (phần còn lại sau khi sáp nhập vào phường Hồng Hà), Phường Yên Phụ (phần còn lại sau khi sáp nhập vào phường Hồng Hà), Phường Nghĩa Đô (phần còn lại sau khi sáp nhập vào phường Ngọc Hà, phường Nghĩa Đô), Phường Thụy Khuê (phần còn lại sau khi sáp nhập vào phường Ba Đình)",
      "wardCode": 3282
    },
    {
      "id": 90,
      "code": "0090",
      "name": "Tây Mỗ",
      "type": "phường",
      "area": 5.56,
      "population": 46894,
      "adminCenter": "Số 169 đường Đại Mỗ, phường Tây Mỗ",
      "longitude": 105.747,
      "latitude": 21.0009,
      "beforeMerger": "Phường Đại Mỗ, Phường Dương Nội, Xã An Khánh, Phường Tây Mỗ (phần còn lại sau khi sáp nhập vào phường Xuân Phương)",
      "wardCode": 3302
    },
    {
      "id": 91,
      "code": "0091",
      "name": "Tây Phương",
      "type": "xã",
      "area": 31.06,
      "population": 99874,
      "adminCenter": "Thôn Yên, xã Tây Phương",
      "longitude": 105.612,
      "latitude": 21.0365,
      "beforeMerger": "Xã Phùng Xá (huyện Thạch Thất), Xã Hương Ngải, Xã Lam Sơn, Xã Thạch Xá, Xã Quang Trung, Thị trấn Quốc Oai, Xã Ngọc Liệp, Xã Phượng Sơn",
      "wardCode": 3218
    },
    {
      "id": 92,
      "code": "0092",
      "name": "Tây Tựu",
      "type": "phường",
      "area": 7.54,
      "population": 39436,
      "adminCenter": "Tổ dân phố Ngọa Long 2, phường Tây Tựu",
      "longitude": 105.739,
      "latitude": 21.0641,
      "beforeMerger": "Phường Minh Khai (quận Bắc Từ Liêm), Phường Tây Tựu, Xã Kim Chung (huyện Hoài Đức)",
      "wardCode": 3297
    },
    {
      "id": 93,
      "code": "0093",
      "name": "Thạch Thất",
      "type": "xã",
      "area": 31.93,
      "population": 57645,
      "adminCenter": "Đường 419, xã Thạch Thất",
      "longitude": 105.559,
      "latitude": 21.0792,
      "beforeMerger": "Thị trấn Liên Quan, Xã Cẩm Yên, Xã Đại Đồng, Xã Kim Quan, Xã Lại Thượng, Xã Phú Kim",
      "wardCode": 3220
    },
    {
      "id": 94,
      "code": "0094",
      "name": "Thanh Liệt",
      "type": "phường",
      "area": 6.44,
      "population": 76238,
      "adminCenter": "Thôn Triều Khúc, phường Thanh Liệt",
      "longitude": 105.809,
      "latitude": 20.9646,
      "beforeMerger": "Xã Tả Thanh Oai, Phường Đại Kim (phần còn lại sau khi sáp nhập vào phường Định Công, phường Hoàng Liệt, phường Khương Đình), Phường Thanh Xuân Bắc (phần còn lại sau khi sáp nhập vào phường Thanh Xuân), Phường Hạ Đình (phần còn lại sau khi sáp nhập vào phường Khương Đình), Phường Văn Quán (phần còn lại sau khi sáp nhập vào phường Hà Đông), Xã Thanh Liệt (phần còn lại sau khi sáp nhập vào phường Định Công, phường Hoàng Liệt), Xã Tân Triều (phần còn lại sau khi sáp nhập vào phường Định Công, phường Khương Đình, phường Hà Đông)",
      "wardCode": 3223
    },
    {
      "id": 95,
      "code": "0095",
      "name": "Thanh Oai",
      "type": "xã",
      "area": 26.86,
      "population": 54475,
      "adminCenter": "Số 135 phố Kim Bài, xã Thanh Oai",
      "longitude": 105.767,
      "latitude": 20.8467,
      "beforeMerger": "Thị trấn Kim Bài, Xã Đỗ Động, Xã Kim An, Xã Phương Trung, Xã Thanh Mai, Xã Kim Thư",
      "wardCode": 3183
    },
    {
      "id": 96,
      "code": "0096",
      "name": "Thanh Trì",
      "type": "xã",
      "area": 10.15,
      "population": 55378,
      "adminCenter": "Số 12, Đường Nguyễn Bặc, xã Thanh Trì",
      "longitude": 105.859,
      "latitude": 20.9388,
      "beforeMerger": "Thị trấn Văn Điển, Xã Ngũ Hiệp, Xã Vĩnh Quỳnh, Xã Yên Mỹ, Xã Duyên Hà, Xã Tứ Hiệp (phần còn lại sau khi sáp nhập vào phường Yên Sở), Phường Yên Sở (phần còn lại sau khi sáp nhập vào phường Lĩnh Nam, phường Hoàng Mai, phường Yên Sở)",
      "wardCode": 3224
    },
    {
      "id": 97,
      "code": "0097",
      "name": "Thanh Xuân",
      "type": "phường",
      "area": 3.24,
      "population": 106316,
      "adminCenter": "Số 9 Khuất Duy Tiến, phường Thanh Xuân",
      "longitude": 105.805,
      "latitude": 20.9995,
      "beforeMerger": "Phường Nhân Chính, Phường Thanh Xuân Bắc, Phường Thanh Xuân Trung, Phường Thượng Đình, Phường Trung Hoà, Phường Trung Văn",
      "wardCode": 3231
    },
    {
      "id": 98,
      "code": "0098",
      "name": "Thiên Lộc",
      "type": "xã",
      "area": 27.96,
      "population": 74597,
      "adminCenter": "Thôn Bầu, xã Thiên Lộc",
      "longitude": 105.77,
      "latitude": 21.1202,
      "beforeMerger": "Xã Võng La, Xã Kim Chung (huyện Đông Anh), Xã Đại Mạch, Xã Kim Nỗ, Xã Tiền Phong (huyện Mê Linh), Xã Hải Bối",
      "wardCode": 3253
    },
    {
      "id": 99,
      "code": "0099",
      "name": "Thư Lâm",
      "type": "xã",
      "area": 43.84,
      "population": 102580,
      "adminCenter": "Thôn Thiết Bình, xã Thư Lâm",
      "longitude": 105.888,
      "latitude": 21.1648,
      "beforeMerger": "Xã Thụy Lâm, Xã Vân Hà, Xã Xuân Nộn, Thị trấn Đông Anh, Xã Liên Hà (huyện Đông Anh), Xã Dục Tú, Xã Nguyên Khê, Xã Uy Nỗ, Xã Việt Hùng",
      "wardCode": 3254
    },
    {
      "id": 100,
      "code": "0100",
      "name": "Thuận An",
      "type": "xã",
      "area": 29.67,
      "population": 68292,
      "adminCenter": "Đường Dương Đức Hiền, thôn Cừ Keo, xã Thuận An",
      "longitude": 105.984,
      "latitude": 21.0191,
      "beforeMerger": "Xã Dương Quang, Xã Lệ Chi, Xã Đặng Xá, Xã Phú Sơn (huyện Gia Lâm) (phần còn lại sau khi sáp nhập vào xã Gia Lâm)",
      "wardCode": 3250
    },
    {
      "id": 101,
      "code": "0101",
      "name": "Thượng Cát",
      "type": "phường",
      "area": 14.77,
      "population": 24692,
      "adminCenter": "Số 55 đường Yên Nội, phường Thượng Cát",
      "longitude": 105.75,
      "latitude": 21.0866,
      "beforeMerger": "Phường Liên Mạc, Phường Thượng Cát, Phường Minh Khai (quận Bắc Từ Liêm), Phường Tây Tựu, Phường Cổ Nhuế 2 (phần còn lại sau khi sáp nhập vào phường Đông Ngạc), Phường Thụy Phương (phần còn lại sau khi sáp nhập vào phường Đông Ngạc)",
      "wardCode": 3289
    },
    {
      "id": 102,
      "code": "0102",
      "name": "Thượng Phúc",
      "type": "xã",
      "area": 28.91,
      "population": 45464,
      "adminCenter": "Thôn Mai Sao, xã Thượng Phúc",
      "longitude": 105.855,
      "latitude": 20.8299,
      "beforeMerger": "Xã Tân Minh (huyện Thường Tín), Xã Dũng Tiến, Xã Quất Động, Xã Nghiêm Xuyên, Xã Nguyễn Trãi",
      "wardCode": 3182
    },
    {
      "id": 103,
      "code": "0103",
      "name": "Thường Tín",
      "type": "xã",
      "area": 28.29,
      "population": 70739,
      "adminCenter": "Số 1 đường Thượng Phúc, xã Thường Tín",
      "longitude": 105.841,
      "latitude": 20.877,
      "beforeMerger": "Thị trấn Thường Tín, Xã Tiền Phong (huyện Thường Tín), Xã Hiền Giang, Xã Hòa Bình, Xã Nhị Khê, Xã Văn Bình, Xã Văn Phú, Xã Đại Áng (phần còn lại sau khi sáp nhập vào xã Ngọc Hồi), Xã Khánh Hà (phần còn lại sau khi sáp nhập vào xã Ngọc Hồi)",
      "wardCode": 3189
    },
    {
      "id": 104,
      "code": "0104",
      "name": "Tiến Thắng",
      "type": "xã",
      "area": 36.34,
      "population": 64246,
      "adminCenter": "Thôn Văn Lôi, xã Tiến Thắng",
      "longitude": 105.692,
      "latitude": 21.2031,
      "beforeMerger": "Xã Tam Đồng, Xã Tiến Thắng, Xã Tự Lập, Xã Đại Thịnh, Xã Kim Hoa, Xã Thanh Lâm, Xã Văn Khê (phần còn lại sau khi sáp nhập vào xã Ô Diên, xã Mê Linh, xã Yên Lãng), Xã Thạch Đà (phần còn lại sau khi sáp nhập vào xã Yên Lãng)",
      "wardCode": 3262
    },
    {
      "id": 105,
      "code": "0105",
      "name": "Trần Phú",
      "type": "xã",
      "area": 44.36,
      "population": 47528,
      "adminCenter": "Thôn Thuận An, xã Trần Phú",
      "longitude": 105.65,
      "latitude": 20.8424,
      "beforeMerger": "Xã Hoàng Văn Thụ, Xã Hữu Văn, Xã Mỹ Lương, Xã Trần Phú, Xã Đồng Tâm (phần còn lại sau khi sáp nhập vào xã Phúc Sơn), Xã Tân Tiến (phần còn lại sau khi sáp nhập vào xã Xuân Mai)",
      "wardCode": 3305
    },
    {
      "id": 106,
      "code": "0106",
      "name": "Trung Giã",
      "type": "xã",
      "area": 77.52,
      "population": 61315,
      "adminCenter": "Thôn 4 - Hồng Kỳ, xã Trung Giã",
      "longitude": 105.831,
      "latitude": 21.3317,
      "beforeMerger": "Xã Bắc Sơn, Xã Hồng Kỳ, Xã Nam Sơn, Xã Trung Giã",
      "wardCode": 3268
    },
    {
      "id": 107,
      "code": "0107",
      "name": "Từ Liêm",
      "type": "phường",
      "area": 10.18,
      "population": 119997,
      "adminCenter": "Số 125 đường Hồ Tùng Mậu, phường Từ Liêm",
      "longitude": 105.771,
      "latitude": 21.0203,
      "beforeMerger": "Phường Cầu Diễn, Phường Mễ Trì, Phường Phú Đô, Phường Mai Dịch (phần còn lại sau khi sáp nhập vào phường Nghĩa Đô, phường Phú Diễn), Phường Mỹ Đình 1 (phần còn lại sau khi sáp nhập vào phường Cầu Giấy), Phường Mỹ Đình 2 (phần còn lại sau khi sáp nhập vào phường Cầu Giấy)",
      "wardCode": 3285
    },
    {
      "id": 108,
      "code": "0108",
      "name": "Tùng Thiện",
      "type": "phường",
      "area": 32.34,
      "population": 42052,
      "adminCenter": "Số 66 đường Thanh Mỹ, thôn Thủ Trung, phường Tùng Thiện",
      "longitude": 105.458,
      "latitude": 21.1214,
      "beforeMerger": "Phường Xuân Khanh, Phường Trung Sơn Trầm, Xã Xuân Sơn, Phường Trung Hưng (phần còn lại sau khi sáp nhập vào phường Sơn Tây), Phường Sơn Lộc (phần còn lại sau khi sáp nhập vào phường Sơn Tây), Xã Thanh Mỹ (phần còn lại sau khi sáp nhập vào phường Sơn Tây)",
      "wardCode": 3227
    },
    {
      "id": 109,
      "code": "0109",
      "name": "Tương Mai",
      "type": "phường",
      "area": 3.56,
      "population": 136292,
      "adminCenter": "Số 2/224 đường Hoàng Mai, phường Tương Mai",
      "longitude": 105.854,
      "latitude": 20.9894,
      "beforeMerger": "Phường Giáp Bát, Phường Phương Liệt, Phường Mai Động (phần còn lại sau khi sáp nhập vào phường Vĩnh Tuy), Phường Minh Khai (quận Hai Bà Trưng) (phần còn lại sau khi sáp nhập vào phường Bạch Mai), Phường Đồng Tâm (phần còn lại sau khi sáp nhập vào phường Bạch Mai), Phường Trương Định (phần còn lại sau khi sáp nhập vào phường Bạch Mai), Phường Hoàng Văn Thụ (phần còn lại sau khi sáp nhập vào phường Hoàng Mai), Phường Tân Mai (phần còn lại sau khi sáp nhập vào phường Hoàng Mai), Phường Tương Mai (phần còn lại sau khi sáp nhập vào phường Hoàng Mai), Phường Vĩnh Hưng (phần còn lại sau khi sáp nhập vào phường Vĩnh Tuy, phường Hoàng Mai, phường Vĩnh Hưng)",
      "wardCode": 3210
    },
    {
      "id": 110,
      "code": "0110",
      "name": "Ứng Hòa",
      "type": "xã",
      "area": 67.8,
      "population": 63750,
      "adminCenter": "Thôn Trạch Bái, xã Ứng Hòa",
      "longitude": 105.848,
      "latitude": 20.6888,
      "beforeMerger": "Xã Đại Cường, Xã Đại Hùng, Xã Đông Lỗ, Xã Đồng Tân, Xã Kim Đường, Xã Minh Đức, Xã Trầm Lộng, Xã Trung Tú",
      "wardCode": 3194
    },
    {
      "id": 111,
      "code": "0111",
      "name": "Ứng Thiên",
      "type": "xã",
      "area": 38.4,
      "population": 53962,
      "adminCenter": "Thôn Trung Thịnh, xã Ứng Thiên",
      "longitude": 105.759,
      "latitude": 20.7741,
      "beforeMerger": "Xã Hoa Viên, Xã Liên Bạt, Xã Quảng Phú Cầu, Xã Trường Thịnh",
      "wardCode": 3199
    },
    {
      "id": 112,
      "code": "0112",
      "name": "Vân Đình",
      "type": "xã",
      "area": 41.6,
      "population": 60828,
      "adminCenter": "Thôn Hoàng Xá, xã Vân Đình",
      "longitude": 105.789,
      "latitude": 20.7211,
      "beforeMerger": "Thị trấn Vân Đình, Xã Cao Sơn Tiến, Xã Phương Tú, Xã Tảo Dương Văn",
      "wardCode": 3196
    },
    {
      "id": 113,
      "code": "0113",
      "name": "Văn Miếu - Quốc Tử Giám",
      "type": "phường",
      "area": 1.92,
      "population": 105604,
      "adminCenter": "Số 188 Kim Hoa, phường Văn Miếu - Quốc Tử Giám",
      "longitude": 105.837,
      "latitude": 21.0199,
      "beforeMerger": "Phường Khâm Thiên, Phường Thổ Quan, Phường Văn Chương, Phường Điện Biên, Phường Hàng Bột, Phường Văn Miếu Quốc Tử Giám, Phường Cửa Nam (phần còn lại sau khi sáp nhập vào phường Hoàn Kiếm, phường Cửa Nam, phường Ba Đình), Phường Lê Đại Hành (phần còn lại sau khi sáp nhập vào phường Hai Bà Trưng, phường Bạch Mai), Phường Nam Đồng (phần còn lại sau khi sáp nhập vào phường Đống Đa, phường Kim Liên), Phường Nguyễn Du (phần còn lại sau khi sáp nhập vào phường Cửa Nam, phường Hai Bà Trưng), Phường Phương Liên Trung Tự (phần còn lại sau khi sáp nhập vào phường Kim Liên)",
      "wardCode": 3274
    },
    {
      "id": 114,
      "code": "0114",
      "name": "Vật Lại",
      "type": "xã",
      "area": 51.75,
      "population": 58579,
      "adminCenter": "Thôn Vật Lại 3, xã Vật Lại",
      "longitude": 105.391,
      "latitude": 21.2171,
      "beforeMerger": "Xã Thái Hòa, Xã Phú Sơn (huyện Ba Vì), Xã Đồng Thái, Xã Phú Châu, Xã Vật Lại",
      "wardCode": 3238
    },
    {
      "id": 115,
      "code": "0115",
      "name": "Việt Hưng",
      "type": "phường",
      "area": 12.91,
      "population": 83188,
      "adminCenter": "Số 1 phố Vạn Hạnh, phường Việt Hưng",
      "longitude": 105.904,
      "latitude": 21.0648,
      "beforeMerger": "Phường Giang Biên, Phường Phúc Đồng, Phường Việt Hưng, Phường Phúc Lợi, Phường Gia Thụy (phần còn lại sau khi sáp nhập vào phường Long Biên, phường Bồ Đề), Phường Đức Giang (phần còn lại sau khi sáp nhập vào phường Bồ Đề), Phường Thượng Thanh (phần còn lại sau khi sáp nhập vào phường Bồ Đề)",
      "wardCode": 3258
    },
    {
      "id": 116,
      "code": "0116",
      "name": "Vĩnh Hưng",
      "type": "phường",
      "area": 4.47,
      "population": 67561,
      "adminCenter": "Số 177 phố Thanh Đàm, phường Vĩnh Hưng",
      "longitude": 105.883,
      "latitude": 20.9906,
      "beforeMerger": "Phường Vĩnh Hưng, Phường Lĩnh Nam (phần còn lại sau khi sáp nhập vào phường Lĩnh Nam, phường Hoàng Mai), Phường Thanh Trì (phần còn lại sau khi sáp nhập vào phường Lĩnh Nam), Phường Vĩnh Tuy (phần còn lại sau khi sáp nhập vào phường Vĩnh Tuy)",
      "wardCode": 3247
    },
    {
      "id": 117,
      "code": "0117",
      "name": "Vĩnh Thanh",
      "type": "xã",
      "area": 22.52,
      "population": 64698,
      "adminCenter": "Thôn Đồng Nhân, xã Vĩnh Thanh",
      "longitude": 105.818,
      "latitude": 21.1077,
      "beforeMerger": "Xã Tàm Xá (phần còn lại sau khi sáp nhập vào xã Đông Anh), Xã Xuân Canh (phần còn lại sau khi sáp nhập vào xã Đông Anh), Xã Vĩnh Ngọc (phần còn lại sau khi sáp nhập vào xã Đông Anh, xã Phúc Thịnh), Xã Kim Chung (huyện Đông Anh) (phần còn lại sau khi sáp nhập vào xã Thiên Lộc), Xã Hải Bối (phần còn lại sau khi sáp nhập vào xã Thiên Lộc), Xã Kim Nỗ (phần còn lại sau khi sáp nhập vào xã Thiên Lộc)",
      "wardCode": 3292
    },
    {
      "id": 118,
      "code": "0118",
      "name": "Vĩnh Tuy",
      "type": "phường",
      "area": 2.33,
      "population": 90583,
      "adminCenter": "Số 35 phố Vĩnh Tuy, phường Vĩnh Tuy",
      "longitude": 105.867,
      "latitude": 20.9981,
      "beforeMerger": "Phường Mai Động, Phường Thanh Lương, Phường Vĩnh Hưng, Phường Vĩnh Tuy",
      "wardCode": 3269
    },
    {
      "id": 119,
      "code": "0119",
      "name": "Xuân Đỉnh",
      "type": "phường",
      "area": 5.46,
      "population": 48658,
      "adminCenter": "Phố Minh Tảo, phường Xuân Đỉnh",
      "longitude": 105.795,
      "latitude": 21.0644,
      "beforeMerger": "Phường Xuân Đỉnh, Phường Cổ Nhuế 1 (phần còn lại sau khi sáp nhập vào phường Nghĩa Đô, phường Phú Diễn), Phường Xuân La (phần còn lại sau khi sáp nhập vào phường Nghĩa Đô, phường Tây Hồ, phường Phú Thượng), Phường Xuân Tảo (phần còn lại sau khi sáp nhập vào phường Nghĩa Đô, phường Phú Thượng)",
      "wardCode": 3279
    },
    {
      "id": 120,
      "code": "0120",
      "name": "Xuân Mai",
      "type": "xã",
      "area": 50.72,
      "population": 67310,
      "adminCenter": "Thôn Trí Thủy, xã Xuân Mai",
      "longitude": 105.593,
      "latitude": 20.8728,
      "beforeMerger": "Thị trấn Xuân Mai, Xã Nam Phương Tiến, Xã Thủy Xuân Tiên, Xã Tân Tiến",
      "wardCode": 3202
    },
    {
      "id": 121,
      "code": "0121",
      "name": "Xuân Phương",
      "type": "phường",
      "area": 10.81,
      "population": 104947,
      "adminCenter": "Số 28 đường Foresa 4B, KĐT Xuân Phương, phường Xuân Phương",
      "longitude": 105.745,
      "latitude": 21.0296,
      "beforeMerger": "Phường Phương Canh, Phường Xuân Phương, Phường Đại Mỗ, Phường Tây Mỗ, Xã Vân Canh, Phường Minh Khai (quận Bắc Từ Liêm) (phần còn lại sau khi sáp nhập vào phường Tây Tựu, phường Đông Ngạc, phường Thượng Cát), Phường Phúc Diễn (phần còn lại sau khi sáp nhập vào phường Phú Diễn)",
      "wardCode": 3286
    },
    {
      "id": 122,
      "code": "0122",
      "name": "Yên Bài",
      "type": "xã",
      "area": 68.19,
      "population": 21416,
      "adminCenter": "Thôn Bặn, xã Yên Bài",
      "longitude": 105.419,
      "latitude": 21.0538,
      "beforeMerger": "Xã Vân Hòa, Xã Yên Bài, Xã Thạch Hòa",
      "wardCode": 3293
    },
    {
      "id": 123,
      "code": "0123",
      "name": "Yên Hòa",
      "type": "phường",
      "area": 4.1,
      "population": 77029,
      "adminCenter": "Số 231 Nguyễn Ngọc Vũ, phường Yên Hòa",
      "longitude": 105.796,
      "latitude": 21.0139,
      "beforeMerger": "Phường Mễ Trì, Phường Nhân Chính, Phường Trung Hòa, Phường Yên Hòa (phần còn lại sau khi sáp nhập vào phường Cầu Giấy)",
      "wardCode": 3283
    },
    {
      "id": 124,
      "code": "0124",
      "name": "Yên Lãng",
      "type": "xã",
      "area": 44.81,
      "population": 71339,
      "adminCenter": "Thôn 1 - Thạch Đà, xã Yên Lãng",
      "longitude": 105.662,
      "latitude": 21.1722,
      "beforeMerger": "Xã Chu Phan, Xã Hoàng Kim, Xã Liên Mạc, Xã Thạch Đà, Xã Văn Khê, Xã Tiến Thịnh (phần còn lại sau khi sáp nhập vào xã Liên Minh), Xã Trung Châu (phần còn lại sau khi sáp nhập vào xã Liên Minh), Xã Thọ Xuân (phần còn lại sau khi sáp nhập vào xã Liên Minh), Xã Thọ An (phần còn lại sau khi sáp nhập vào xã Liên Minh), Xã Hồng Hà (phần còn lại sau khi sáp nhập vào xã Liên Minh, xã Mê Linh)",
      "wardCode": 3251
    },
    {
      "id": 125,
      "code": "0125",
      "name": "Yên Nghĩa",
      "type": "phường",
      "area": 13.18,
      "population": 49643,
      "adminCenter": "Tổ dân phố 10, phường Yên Nghĩa",
      "longitude": 105.736,
      "latitude": 20.9392,
      "beforeMerger": "Phường Đồng Mai, Phường Yên Nghĩa (phần còn lại sau khi sáp nhập vào phường Dương Nội)",
      "wardCode": 3221
    },
    {
      "id": 126,
      "code": "0126",
      "name": "Yên Sở",
      "type": "phường",
      "area": 5.61,
      "population": 40913,
      "adminCenter": "Số 8 ngõ 6 phố Bùi Huy Bích",
      "longitude": 105.857,
      "latitude": 20.9568,
      "beforeMerger": "Phường Thịnh Liệt, Phường Yên Sở, Xã Tứ Hiệp, Phường Hoàng Liệt (phần còn lại sau khi sáp nhập vào phường Hoàng Mai, phường Định Công, phường Hoàng Liệt), Phường Trần Phú (phần còn lại sau khi sáp nhập vào phường Lĩnh Nam, phường Hoàng Mai)",
      "wardCode": 3246
    },
    {
      "id": 127,
      "code": "0127",
      "name": "Yên Xuân",
      "type": "xã",
      "area": 78.01,
      "population": 29375,
      "adminCenter": "Thôn 3, Yên Bình, xã Yên Xuân",
      "longitude": 105.47,
      "latitude": 20.978,
      "beforeMerger": "Xã Đông Xuân (huyện Quốc Oai), Xã Yên Bình, Xã Yên Trung, Xã Tiến Xuân (phần còn lại sau khi sáp nhập vào xã Hòa Lạc), Xã Thạch Hòa (phần còn lại sau khi sáp nhập vào xã Yên Bài, xã Hòa Lạc)",
      "wardCode": 3209
    }
  ]
}